match_type,reference_name,system_name,reference_province,system_province,reference_fuel,system_fuel,reference_capacity_mwe,system_capacity_mwe,capacity_diff_pct,fuel_match,status_match,province_match,reference_source_ref,system_source_ref,similarity_score
fuzzy,An Khánh - Bac Giang,NĐ An Khánh - Bắc Giang,bac giang,vietnam,coal,coal,650.0,650.0,0.0,True,False,False,,,100.0
fuzzy_capacity_diff,An Khánh 1,NĐ An Khánh #3,thai nguyen,bac giang,coal,coal,116.0,150.0,29.3,True,False,False,,,90.0
exact_capacity_diff,Bà Rịa GT,TĐ Bảo Lâm 3,ba ria - vung tau,vietnam,gas,unknown,46.0,46.0,0.0,False,False,False,,,55.55555555555556
fuzzy_capacity_diff,Bạc Liêu 1,Điện gió Bạc Liêu giai đoạn III,bac lieu,vietnam,coal,unknown,1200.0,142.0,88.2,False,False,False,,,90.0
fuzzy,Cam Pha 3,NĐ than Cẩm Phả 3,quang ninh,vietnam,coal,coal,440.0,440.0,0.0,True,False,False,,,100.0
exact_capacity_diff,Cao Ngạn,Cao Nhân,thai nguyen,thai binh,coal,coal,114.0,115.0,0.9,True,True,False,,,87.5
exact,Cong Thanh,Công Thanh,thanh hoa,thanh hoa,coal,coal,600.0,600.0,0.0,True,False,True,,,100.0
exact,Cà Mau I,Cà Mau I,ca mau,approved,gas,unknown,771.0,750.0,2.7,False,False,False,,,100.0
exact,Cà Mau II,Cà Mau II,ca mau,ca mau,gas,imported gas,771.0,750.0,2.7,False,False,True,,,100.0
fuzzy_capacity_diff,Cẩm Phả 1,Cẩm Phả,quang ninh,quang ninh,coal,coal,340.0,600.0,76.5,True,True,True,,,100.0
exact,Cẩm Phả 2,ND Cẩm Phả II,quang ninh,quang ninh,coal,coal,340.0,300.0,11.8,True,False,True,,,100.0
exact_capacity_diff,Dong Nai Formosa,"NĐ hóa dầu Long Sơn #2,3",đong nai,vietnam,coal,unknown,150.0,150.0,0.0,False,False,False,,,43.75
exact_capacity_diff,Dong Nai Formosa,NĐ Hải Hà 3 #3-4,đong nai,quang ninh,coal,coal,300.0,300.0,0.0,True,False,False,,,48.0
exact_capacity_diff,Duc Giang - Lao Cai Chemical,TĐ Nậm Chiến #1,lao cai,lai chau,coal,unknown,100.0,100.0,0.0,False,False,False,,,42.85714285714286
fuzzy_capacity_diff,Dung Quat Special Economic Zone (J-Power) Phase I,Dung Quất I,quang ngai,quang ngai,coal,unknown,2400.0,750.0,68.8,False,False,True,,,95.23809523809523
fuzzy_capacity_diff,Dung Quat Special Economic Zone (J-Power) Phase II,Dung Quất II,quang ngai,quang ngai,coal,unknown,2000.0,750.0,62.5,False,False,True,,,95.23809523809523
fuzzy_capacity_diff,Duyen Hai 1,NĐ Duyên Hải III mở rộng,tra vinh,vietnam,coal,coal,1244.0,660.0,46.9,True,False,False,,,90.9090909090909
fuzzy,Duyen Hai 2,NĐ Duyên Hải II,tra vinh,vietnam,coal,coal,600.0,600.0,0.0,True,False,False,,,100.0
exact,Duyen Hai 3,Duyên Hải III,tra vinh,tra vinh,coal,coal,1244.0,1244.0,0.0,True,True,True,,,100.0
fuzzy_capacity_diff,Duyen Hai 3 Extension,Duyên Hải II,tra vinh,tra vinh,coal,coal,660.0,1200.0,81.8,True,False,True,,,95.23809523809523
fuzzy_capacity_diff,Duyên Hải 2,Duyên Hải III Mở rộng,tra vinh,tra vinh,coal,coal,1200.0,660.0,45.0,True,True,True,,,95.23809523809523
fuzzy,Formosa HT2,Formosa Hà Tĩnh II,ha tinh,ha tinh,coal,coal,650.0,650.0,0.0,True,False,True,,,90.0
exact_capacity_diff,Ha Tinh Formosa Plastics Steel Complex,"NĐ Cẩm Phả III #1,2",ha tinh,vietnam,coal,coal,450.0,440.0,2.2,True,False,False,,,35.29411764705882
fuzzy_capacity_diff,Ha Tinh Formosa Plastics Steel Complex,Hà Tĩnh,ha tinh,ha tinh,coal,imported gas,450.0,6000.0,1233.3,False,False,True,,,100.0
exact,Hai Duong,Hải Dương,hai duong,hai duong,coal,coal,1200.0,1200.0,0.0,True,False,True,,,100.0
fuzzy,Hai Ha CHP Phase 1,Hải Hà II,quang ninh,quang ninh,coal,coal,150.0,150.0,0.0,True,False,True,,,93.33333333333333
fuzzy_capacity_diff,Hai Ha CHP Phase 2,Hải Hà IV,quang ninh,quang ninh,coal,coal,750.0,1200.0,60.0,True,False,True,,,93.33333333333333
fuzzy_capacity_diff,Hai Ha CHP Phase 3,Hải Hà III,quang ninh,quang ninh,coal,coal,600.0,1200.0,100.0,True,False,True,,,93.33333333333333
fuzzy_capacity_diff,Hai Ha CHP Phase 4,Hải Hà I,quang ninh,quang ninh,coal,coal,600.0,150.0,75.0,True,False,True,,,93.33333333333333
exact,Hai Phong 1,Hải Phòng I,hai phong,hai phong,coal,imported gas,600.0,300.0,50.0,False,False,True,,,100.0
fuzzy_capacity_diff,Hai Phong 2,NĐ Hải Phòng 2 #2,hai phong,hai phong,coal,coal,600.0,300.0,50.0,True,False,True,,,100.0
fuzzy,Hai Phong 3,Hải Phòng III #1,hai phong,hai phong,coal,coal,1200.0,1200.0,0.0,True,False,True,,,100.0
fuzzy_capacity_diff,Hải Phòng,NĐ Hải Phòng II #1,hai phong,hai phong,gas,coal,500.0,300.0,40.0,False,False,True,,,100.0
exact,LNG Bà Rịa 2,Bà Rịa 2,ba ria - vung tau,ba ria - vung tau,gas,imported gas,1200.0,1200.0,0.0,False,False,True,,,100.0
exact,LNG Bình Định,Bình Định,binh đinh,binh đinh,gas,imported gas,5000.0,5000.0,0.0,False,False,True,,,100.0
exact,LNG Bạc Liêu,Bạc Liêu,bac lieu,bac lieu,gas,imported gas,3200.0,3200.0,0.0,False,False,True,,,100.0
exact,LNG Bến Tre,TBKHH Bến Tre,ben tre,ben tre,gas,imported gas,3000.0,3000.0,0.0,False,False,True,,,100.0
exact,LNG Chân Mây,Chân Mây,hue,thua thien hue,gas,imported gas,4000.0,4000.0,0.0,False,False,False,,,100.0
fuzzy,LNG Cà Mau 1,Cà Mau 2,ca mau,ca mau,gas,imported gas,1500.0,1500.0,0.0,False,False,True,,,93.33333333333333
fuzzy_capacity_diff,"LNG Cà Mau 2,3",Cà Mau 3,ca mau,ca mau,gas,imported gas,3000.0,1500.0,50.0,False,False,True,,,93.33333333333333
fuzzy,LNG Cà Ná,TBKHH Cà Ná I,ninh thuan,ninh thuan,gas,imported gas,1500.0,1500.0,0.0,False,False,True,,,100.0
exact,LNG Cà Ná II+III,Cà Ná II+III,ninh thuan,ninh thuan,gas,imported gas,4500.0,4500.0,0.0,False,False,True,,,100.0
fuzzy,LNG Cái Mép Hạ,TBKHH Cái Mép H,ba ria - vung tau,ba ria - vung tau,gas,imported gas,6000.0,6000.0,0.0,False,False,True,,,100.0
fuzzy_capacity_diff,LNG Hiệp Phước (phase I),Hiệp Phước I+II,tp ho chi minh,tp. ho chi minh,gas,imported gas,1200.0,2700.0,125.0,False,True,False,,,100.0
exact,LNG Hiệp Phước (phase II),Hiệp Phước,tp ho chi minh,tp. ho chi minh,gas,imported gas,1500.0,2700.0,80.0,False,True,False,,,100.0
fuzzy_capacity_diff,LNG Hà Tĩnh,"Formosa Hà Tĩnh #6,7",ha tinh,vietnam,gas,coal,6000.0,300.0,95.0,False,False,False,,,100.0
fuzzy,LNG Hải Lăng,Hải Lăng I,quang tri,quang tri,gas,imported gas,1500.0,1500.0,0.0,False,False,True,,,100.0
exact,LNG Hải Lăng (2 and 3),Hải Lăng,quang tri,quang tri,gas,imported gas,4500.0,4500.0,0.0,False,True,True,,,100.0
exact,LNG Hải Phòng 1 (Tiên Lãng),Hải Phòng 1,hai phong,hai phong,coal,imported gas,4500.0,4500.0,0.0,False,False,True,,,100.0
exact,LNG Hải Phòng 2 (Cát Hải),Hải Phòng II,hai phong,hai phong,coal,imported gas,1600.0,1200.0,25.0,False,False,True,,,100.0
exact,LNG Hải Phòng 3 (Cát Hải),Hải Phòng 3,hai phong,hai phong,coal,imported gas,4500.0,4500.0,0.0,False,False,True,,,100.0
exact,LNG Hải Phòng 4 (Đồ Sơn),Hải Phòng 4,hai phong,hai phong,gas,imported gas,4500.0,4500.0,0.0,False,False,True,,,100.0
exact,LNG Long An I,TBKHH Long An I,long an,long an,gas,imported gas,1500.0,1500.0,0.0,False,False,True,,,100.0
fuzzy,LNG Long An I phase 2,TBKHH Long An III (Khí),long an,long an,gas,imported gas,1500.0,1500.0,0.0,False,False,True,,,94.11764705882352
exact,LNG Long An II,TBKHH Long An II,long an,long an,gas,imported gas,1500.0,1500.0,0.0,False,False,True,,,100.0
fuzzy,LNG Long An II phase 2,TBKHH Long An III,long an,long an,gas,imported gas,1500.0,1500.0,0.0,False,False,True,,,94.11764705882352
exact,LNG Long Sơn,Long Sơn,ba ria - vung tau,long an,gas,unknown,1200.0,1200.0,0.0,False,False,False,,,100.0
exact,LNG Long Sơn II+III,Long Sơn II+III,ba ria - vung tau,long an,gas,imported gas,3200.0,3200.0,0.0,False,False,False,,,100.0
exact,LNG Long Sơn IV (địa điểm Tây),TBKHH Long Sơn IV,ba ria - vung tau,long an,gas,imported gas,3600.0,3600.0,0.0,False,False,False,,,100.0
fuzzy_capacity_diff,LNG Mũi Kê Gà 1,Mũi Kê Gà,binh thuan,khanh hoa,gas,imported gas,1200.0,3600.0,200.0,False,False,False,,,100.0
fuzzy_capacity_diff,"LNG Mũi Kê Gà 2,3",TBKHH Mũi Kê Gà,binh thuan,khanh hoa,gas,imported gas,2400.0,3600.0,50.0,False,False,False,,,100.0
exact,LNG Mỹ Giang,TBKHH Mỹ Giang,khanh hoa,khanh hoa,gas,imported gas,6000.0,6000.0,0.0,False,False,True,,,100.0
exact,LNG Nghi Sơn (Thanh Hóa),Nghi Sơn,thanh hoa,thanh hoa,gas,imported gas,5000.0,5000.0,0.0,False,False,True,,,100.0
fuzzy_capacity_diff,LNG Nhơn Trạch 3,TBKHH Nhơn Trạch 3&4,đong nai,đong nai,gas,imported gas,750.0,1500.0,100.0,False,True,True,,,100.0
fuzzy,LNG Nhơn Trạch 4,TBKHH Nhơn Trạch 2,đong nai,đong nai,gas,imported gas,750.0,750.0,0.0,False,False,True,,,95.65217391304348
exact_capacity_diff,LNG Núi Thành (Quảng Nam),TBKHH Bạc Liêu,quang nam,bac lieu,gas,imported gas,3200.0,3200.0,0.0,False,False,False,,,19.999999999999996
exact,LNG Phong Điền – Huế,TBKHH Phong Điền – Huế,hue,vietnam,gas,gas,3000.0,3000.0,0.0,True,False,False,,,100.0
exact,LNG Phú Mỹ 3.1,TBKHH Phú Mỹ 3.1,ba ria - vung tau,ba ria - vung tau,gas,imported gas,850.0,850.0,0.0,False,False,True,,,100.0
exact,LNG Quảng Bình,Quảng Bình,quang binh,quang binh,gas,imported gas,3000.0,3000.0,0.0,False,False,True,,,100.0
exact,LNG Quảng Nam,Quảng Nam,quang nam,quang nam,gas,coal,4000.0,4000.0,0.0,False,False,True,,,100.0
exact,LNG Quảng Ninh 1 (Cẩm Phả),Quảng Ninh 1,quang ninh,quang ninh,gas,imported gas,1500.0,1500.0,0.0,False,False,True,,,100.0
exact,LNG Quảng Ninh 2 (Cẩm Phả),Quảng Ninh 2,quang ninh,quang ninh,gas,imported gas,1500.0,1500.0,0.0,False,False,True,,,100.0
exact,LNG Quảng Ninh 3 (Quảng Yên),Quảng Ninh 3,quang ninh,quang ninh,gas,imported gas,4500.0,4500.0,0.0,False,False,True,,,100.0
exact,LNG Quảng Ninh 4 (Hải Hà),TBKHH Quang Ninh 4 (Hải Hà),quang ninh,quang ninh,gas,imported gas,3000.0,3000.0,0.0,False,False,True,,,100.0
fuzzy_capacity_diff,LNG Quảng Trạch 2,NĐ Quảng Trạch II #1-2,quang binh,quang binh,gas,coal,1500.0,1200.0,20.0,False,False,True,,,100.0
fuzzy_capacity_diff,LNG Quỳnh Lập,"NĐ Quỳnh Lập I #1,2",nghe an,vietnam,gas,coal,1500.0,1200.0,20.0,False,False,False,,,100.0
exact,LNG Sông Đốc (Cà Mau),Sông Đốc,ca mau,ca mau,gas,imported gas,3000.0,3000.0,0.0,False,False,True,,,100.0
exact,LNG Sơn Mỹ I,TBKHH Sơn Mỹ I,binh thuan,ninh thuan,gas,imported gas,2250.0,2250.0,0.0,False,False,False,,,100.0
exact,LNG Sơn Mỹ II,Sơn Mỹ II,binh thuan,ninh thuan,gas,imported gas,2250.0,2250.0,0.0,False,False,False,,,100.0
exact,LNG Thái Bình,TBKHH Thái Bình,thai binh,vietnam,gas,gas,4500.0,4500.0,0.0,True,False,False,,,100.0
exact,LNG Tân Phước,TBKHH Tân Phước,tien giang,vietnam,gas,gas,4500.0,4500.0,0.0,True,False,False,,,100.0
fuzzy,"LNG Tân Thuận – Đầm Dơi, Cà Mau","TBKHH Tân Thuận - Đầm Dơi, Cà Mau",ca mau,vietnam,gas,gas,3200.0,3200.0,0.0,True,False,False,,,96.2962962962963
fuzzy_capacity_diff,LNG Vân Phong (J-Power),NĐ than Vân Phong,khanh hoa,vietnam,gas,coal,3000.0,1320.0,56.0,False,False,False,,,100.0
fuzzy_capacity_diff,LNG Vân Phong (Mỹ Giang) phase 1,Vân Phong,khanh hoa,vietnam,gas,gas,3000.0,1432.0,52.3,True,False,False,,,100.0
fuzzy,LNG Vân Phong (Mỹ Giang) phase 2,TBKHH Vân Phong,khanh hoa,vietnam,gas,gas,3000.0,3000.0,0.0,True,False,False,,,100.0
exact_capacity_diff,LNG miền Nam,TBKHH Hải Lăng 1 - Quảng Trị,"hiep phuoc 2, ben tre, mui ke ga, ca mau,",vietnam,gas,gas,1500.0,1500.0,0.0,True,False,False,,,42.85714285714286
exact_capacity_diff,Lee & Man,TĐ Đăk Rinh #1-2,hau giang,gia lai,coal,unknown,125.0,125.0,0.0,False,False,False,,,33.333333333333336
exact,Long An 2,Long An II,long an,long an,gas,imported gas,1600.0,1600.0,0.0,False,False,True,,,100.0
exact,Long An 1,Long An I,long an,long an,gas,imported gas,1200.0,1200.0,0.0,False,False,True,,,100.0
exact,Long Phú 1,Long Phú I,soc trang,soc trang,coal,coal,1200.0,1200.0,0.0,True,True,True,,,100.0
exact,Long Phú 2,Long Phú II,soc trang,soc trang,coal,coal,1320.0,1320.0,0.0,True,False,True,,,100.0
exact,Long Phú 3,Long Phú III,soc trang,soc trang,coal,coal,1800.0,1800.0,0.0,True,False,True,,,100.0
fuzzy,Mao Khe,NĐ Mạo Khê #1-2,quang ninh,quang ninh,coal,coal,440.0,440.0,0.0,True,False,True,,,100.0
fuzzy_capacity_diff,Mong Duong 1,NĐ Mông Dương II #1-2,quang ninh,quang ninh,coal,coal,1080.0,1200.0,11.1,True,False,True,,,91.66666666666666
fuzzy_capacity_diff,Mong Duong 2,NĐ Mông Dương III #1-2,quang ninh,quang ninh,coal,coal,1240.0,1200.0,3.2,True,False,True,,,91.66666666666666
fuzzy,Na Dương 1,NĐ Na Dương II,lang son,quang ninh,coal,coal,110.0,110.0,0.0,True,False,False,,,90.0
fuzzy,Na Dương 2,NĐ than Na Dương 2,lang son,vietnam,coal,coal,110.0,110.0,0.0,True,False,False,,,100.0
fuzzy,Nam Dinh 1,NĐ than Nam Định I,nam dinh,vietnam,coal,coal,1200.0,1200.0,0.0,True,False,False,,,90.0
fuzzy,Nghi Son 1,NĐ than Nghi Sơn III,thanh hoa,vietnam,coal,coal,600.0,600.0,0.0,True,False,False,,,90.0
exact,Nghi Son 2,Nghi Sơn II,thanh hoa,thanh hoa,coal,coal,1200.0,1200.0,0.0,True,False,True,,,100.0
exact,Ninh Binh,Ninh Bình,ninh binh,ninh binh,coal,coal,100.0,100.0,0.0,True,False,True,,,100.0
exact_capacity_diff,Ninh Thuan Novatek project,TBKHH Hải Lăng 12,ninh thuan,vietnam,gas,gas,4500.0,4500.0,0.0,True,False,False,,,45.45454545454546
fuzzy_capacity_diff,Nong Son 1,NĐ hóa dầu Long Sơn #1,quang nam,vietnam,coal,unknown,30.0,75.0,150.0,False,False,False,,,90.0
fuzzy_capacity_diff,NĐ Cần Thơ,Cần Thơ,can tho,can tho,unknown,imported gas,165.0,150.0,9.1,False,True,True,,,100.0
fuzzy_capacity_diff,NĐ Hiệp Phước,TBKHH Hiệp Phước I,tp ho chi minh,vietnam,unknown,gas,310.0,1200.0,287.1,False,False,False,,,90.9090909090909
exact_capacity_diff,NĐ LNG miền Bắc,Lai Châu #2,"thai binh, nam đinh, nghi son, thanh hoa",2016-2017,gas,unknown,0.0,0.0,,False,False,False,,,36.36363636363637
fuzzy_capacity_diff,NĐ Thủ Đức,Thu Đức,tp ho chi minh,tp. ho chi minh,gas,imported gas,290.0,128.0,55.9,False,True,False,,,100.0
fuzzy_capacity_diff,NĐ Ô Môn I,Ô Môn I,can tho,vietnam,unknown,coal,660.0,330.0,50.0,False,False,False,,,100.0
exact,Phả Lại 1,Phả Lại I,hai duong,hai duong,coal,coal,440.0,440.0,0.0,True,True,True,,,100.0
exact,Phả Lại 2,Phả Lại II,hai duong,hai duong,coal,coal,600.0,600.0,0.0,True,True,True,,,100.0
exact_capacity_diff,Phả Lại 3,NĐ Quảng Trị I #1-2,hai duong,quang tri,coal,coal,660.0,660.0,0.0,True,False,False,,,44.44444444444444
exact,Quang Ninh 1,Quảng Ninh I,quang ninh,quang ninh,gas,imported gas,600.0,300.0,50.0,False,False,True,,,100.0
exact,Quang Ninh 2,TBKHH Quang Ninh 2 (Cẩm Phả),quang ninh,quang ninh,gas,imported gas,600.0,1500.0,150.0,False,False,True,,,100.0
fuzzy,Quang Ninh 3,Quảng Ninh III #1,quang ninh,quang ninh,gas,coal,1200.0,1200.0,0.0,False,False,True,,,100.0
exact,Quảng Trạch 1,Quảng Trạch I,quang binh,quang binh,coal,coal,1400.0,1200.0,14.3,True,True,True,,,100.0
exact,Quảng Trạch 2,Quảng Trạch II,quang binh,quang binh,gas,coal,1200.0,1200.0,0.0,False,False,True,,,100.0
exact,Quảng Trị 1,Quảng Trị I,quang tri,quang tri,coal,coal,1320.0,1200.0,9.1,True,False,True,,,100.0
fuzzy_capacity_diff,Quảng Trị 2,"NĐ Quảng Trị I #1,2",quang tri,vietnam,coal,coal,1200.0,1320.0,10.0,True,False,False,,,90.9090909090909
fuzzy_capacity_diff,Quảng Trị – Huế area,Quảng Trị II,quang tri,quang tri,gas,coal,4000.0,2000.0,50.0,False,False,True,,,95.23809523809523
exact,Quỳnh Lập 1,Quỳnh Lập I,nghe an,thanh hoa,coal,coal,1200.0,1200.0,0.0,True,False,False,,,100.0
exact,Quỳnh Lập 2,Quỳnh Lập II,nghe an,thanh hoa,coal,coal,1200.0,1200.0,0.0,True,False,False,,,100.0
exact_capacity_diff,Son Dong,TĐ Thượng Kon Tum,bac giang,kon tum,coal,unknown,220.0,220.0,0.0,False,False,False,,,62.5
exact,Sông Hậu 1,Sông Hậu I,hau giang,hau giang,coal,coal,1200.0,1200.0,0.0,True,False,True,,,100.0
exact,Sông Hậu 2,Sông Hậu II,hau giang,hau giang,coal,coal,2000.0,2000.0,0.0,True,False,True,,,100.0
exact_capacity_diff,TBKHH Bà Rịa 1,TĐ Đồng Nai 4 #1,ba ria - vung tau,đong nai,gas,unknown,169.0,170.0,0.6,False,False,False,,,53.333333333333336
fuzzy_capacity_diff,TBKHH Bà Rịa 2,Ba Ria,ba ria - vung tau,ba ria,gas,imported gas,175.0,389.0,122.3,False,False,False,,,100.0
exact,TBKHH Dung Quất I,TBKHH Dung Quất I,quang ngai,quang ngai,gas,unknown,750.0,750.0,0.0,False,False,True,,,100.0
exact,TBKHH Dung Quất II,TBKHH Dung Quất II,quang ngai,quang ngai,gas,unknown,750.0,750.0,0.0,False,False,True,,,100.0
exact,TBKHH Dung Quất III,TBKHH Dung Quất III,quang ngai,quang ngai,gas,unknown,750.0,750.0,0.0,False,False,True,,,100.0
fuzzy,"TBKHH Kiên Giang I, II",Kiên Giang 1&2,kien giang,kien giang,gas,imported gas,1500.0,1500.0,0.0,False,False,True,,,92.3076923076923
exact,TBKHH Nhơn Trạch I,Nhơn Trạch I,đong nai,đong nai,gas,imported gas,465.0,465.0,0.0,False,True,True,,,100.0
exact,TBKHH Nhơn Trạch II,Nhơn Trạch II,đong nai,đong nai,gas,imported gas,750.0,750.0,0.0,False,True,True,,,100.0
exact,TBKHH Phú Mỹ 1,Phú Mỹ I,ba ria - vung tau,ba ria - vung tau,gas,imported gas,1140.0,1090.0,4.4,False,True,True,,,100.0
exact,TBKHH Phú Mỹ 2.1,Phú Mỹ II.1,ba ria - vung tau,ba ria - vung tau,gas,imported gas,499.0,900.0,80.4,False,True,True,,,100.0
exact_capacity_diff,TBKHH Phú Mỹ 2.1 MR,Điện mặt trời Thiên Tân 3,ba ria - vung tau,vietnam,gas,unknown,450.0,450.0,0.0,False,False,False,,,33.333333333333336
fuzzy,TBKHH Phú Mỹ 2.2,Phú Mỹ II.2 BOT,ba ria - vung tau,ba ria - vung tau,gas,imported gas,740.0,740.0,0.0,False,True,True,,,100.0
fuzzy,TBKHH Phú Mỹ 3,Phú Mỹ III BOT,ba ria - vung tau,ba ria - vung tau,gas,imported gas,740.0,740.0,0.0,False,True,True,,,100.0
fuzzy_capacity_diff,TBKHH Phú Mỹ 4,Phú Mỹ 3.1,ba ria - vung tau,ba ria - vung tau,gas,imported gas,468.0,850.0,81.6,False,False,True,,,93.33333333333333
exact,TBKHH Quảng Trị (khí Báo Vàng),Quảng Trị,quang tri,quang tri,gas,unknown,340.0,340.0,0.0,False,False,True,,,100.0
exact,TBKHH miền Trung I,TBKHH miền Trung I,quang nam,vietnam,gas,gas,750.0,750.0,0.0,True,False,False,,,100.0
exact,TBKHH miền Trung II,TBKHH miền Trung II,quang nam,vietnam,gas,gas,750.0,750.0,0.0,True,False,False,,,100.0
exact,TBKHH Ô Môn I,TBKHH Ô Môn I,can tho,vietnam,gas,coal,660.0,660.0,0.0,False,False,False,,,100.0
exact,TBKHH Ô Môn II,TBKHH Ô Môn II (Khí Lô B),can tho,vietnam,gas,coal,1050.0,1050.0,0.0,False,False,False,,,100.0
exact,TBKHH Ô Môn III,TBKHH Ô Môn III (Khí Lô B),can tho,vietnam,gas,coal,1050.0,1050.0,0.0,False,False,False,,,100.0
exact,TBKHH Ô Môn IV,TBKHH Ô Môn IV (Khí Lô B),can tho,vietnam,gas,coal,1050.0,1050.0,0.0,False,False,False,,,100.0
exact,Thang Long,Thăng Long,quang ninh,hai phong,coal,coal,600.0,600.0,0.0,True,True,False,,,100.0
exact,Thái Bình 1,Thái Bình I,thai binh,thai binh,coal,coal,600.0,600.0,0.0,True,True,True,,,100.0
fuzzy_capacity_diff,Thái Bình 2,"NĐ Thái Bình I #1,2",thai binh,vietnam,coal,coal,1200.0,600.0,50.0,True,False,False,,,90.9090909090909
exact,Tân Phước 1,Tân Phước I,tien giang,tien giang,gas,coal,1200.0,1200.0,0.0,False,False,True,,,100.0
exact,Tân Phước 2,Tân Phước II,tien giang,tien giang,gas,coal,1200.0,1200.0,0.0,False,False,True,,,100.0
fuzzy_capacity_diff,Uong Bi I,Uông Bí MR II,quang ninh,quang ninh,coal,coal,105.0,330.0,214.3,True,False,True,,,94.11764705882352
fuzzy_capacity_diff,Uong Bi I extension,Uông Bí,quang ninh,quang ninh,coal,coal,300.0,105.0,65.0,True,True,True,,,100.0
exact_capacity_diff,Uong Bi II extension,NĐ Ô Môn I #2,quang ninh,can tho,coal,coal,330.0,330.0,0.0,True,False,False,,,45.45454545454546
exact_capacity_diff,Vedan Vietnam Cogeneration power station,TĐ Đăk Re,đong nai,gia lai,coal,unknown,60.0,60.0,0.0,False,False,False,,,44.44444444444444
fuzzy,Vinh Tan 1,"NĐ Vĩnh Tân IV #1,2",binh thuan,vietnam,coal,coal,1200.0,1200.0,0.0,True,False,False,,,90.0
exact,Vinh Tan 2,Vĩnh Tân II,binh thuan,binh thuan,coal,coal,1244.0,1200.0,3.5,True,True,True,,,100.0
exact,Vinh Tan 3,Vĩnh Tân III,binh thuan,binh thuan,coal,coal,1980.0,1980.0,0.0,True,False,True,,,100.0
exact,Vinh Tan 4,Vĩnh Tân IV,binh thuan,binh thuan,coal,coal,1200.0,1200.0,0.0,True,True,True,,,100.0
fuzzy_capacity_diff,Vinh Tan 4 extension,Vĩnh Tân I,binh thuan,binh thuan,coal,coal,600.0,1200.0,100.0,True,True,True,,,94.73684210526316
fuzzy,Vung Ang 1,Vũng Áng III #1,ha tinh,ha tinh,coal,coal,1200.0,1200.0,0.0,True,False,True,,,94.73684210526316
exact,Vung Ang 2,Vũng Áng II,ha tinh,ha tinh,coal,coal,1330.0,1200.0,9.8,True,False,True,,,100.0
fuzzy_capacity_diff,Vung Ang 3,"NĐ than Vũng Áng III #1,2",ha tinh,vietnam,coal,coal,2400.0,1200.0,50.0,True,False,False,,,100.0
fuzzy_capacity_diff,Vân Phong 1,"NĐ Vân Phong #1,2",khanh hoa,vietnam,coal,coal,1432.0,1332.0,7.0,True,False,False,,,90.9090909090909
system_only,,An Khánh,,bac giang,,coal,,650.0,,,,,,,
system_only,,Bình Định I,,binh đinh,,coal,,1200.0,,,,,,,
system_only,,Bình Định II,,binh đinh,,coal,,2000.0,,,,,,,
system_only,,Bình Định III,,binh đinh,,coal,,2000.0,,,,,,,
system_only,,Bến Tre,,ben tre,,imported gas,,3000.0,,,,,,,
system_only,,Cà Mau 1,,approved,,unknown,,0.0,,,,,,,
system_only,,Cà Ná I,,ninh thuan,,imported gas,,1500.0,,,,,,,
system_only,,Cà Ná II,,ninh thuan,,imported gas,,4500.0,,,,,,,
system_only,,Cà Ná III,,ninh thuan,,imported gas,,4500.0,,,,,,,
system_only,,Cái Mép H,,ba ria - vung tau,,imported gas,,6000.0,,,,,,,
system_only,,"Cụm thuỷ điện nhỏ Nậm Củm 1,4,5",,vietnam,,unknown,,65.0,,,,,,,
system_only,,"Cụm thủy điện nhỏ Nậm Củm 2,3,6",,vietnam,,unknown,,54.0,,,,,,,
system_only,,Dung Quất III,,quang ngai,,unknown,,750.0,,,,,,,
system_only,,Formosa Hà Tĩnh,,ha tinh,,coal,,150.0,,,,,,,
system_only,,Formosa Hà Tĩnh #10,,vietnam,,coal,,150.0,,,,,,,
system_only,,"Formosa Hà Tĩnh #8,9",,vietnam,,coal,,200.0,,,,,,,
system_only,,Huội Quảng #2,,quang nam,,unknown,,260.0,,,,,,,
system_only,,Hòa Bình MR,,lai chau,,unknown,,480.0,,,,,,,
system_only,,Hải Dương II,,hai duong,,coal,,1200.0,,,,,,,
system_only,,Hải Hà III&IV,,quang ninh,,coal,,1200.0,,,,,,,
system_only,,Hải Phòng 2,,hai phong,,imported gas,,4500.0,,,,,,,
system_only,,Hải Phòng III #2,,hai phong,,coal,,1200.0,,,,,,,
system_only,,Hồi Xuân,,lai chau,,unknown,,102.0,,,,,,,
system_only,,Ialy MR,,lai chau,,unknown,,360.0,,,,,,,
system_only,,Kim Sơn,,ninh binh,,coal,,3000.0,,,,,,,
system_only,,Kiên Lương,,kien giang,,coal,,3600.0,,,,,,,
system_only,,Long An III,,long an,,imported gas,,1200.0,,,,,,,
system_only,,Long Sơn I,,long an,,imported gas,,1200.0,,,,,,,
system_only,,Long Sơn II,,long an,,imported gas,,3200.0,,,,,,,
system_only,,Long Sơn III,,long an,,imported gas,,3200.0,,,,,,,
system_only,,Long Sơn IV,,long an,,imported gas,,3600.0,,,,,,,
system_only,,Mỹ Giang,,khanh hoa,,imported gas,,6000.0,,,,,,,
system_only,,Mỹ Lý,,lao cai,,unknown,,250.0,,,,,,,
system_only,,Na Dương,,quang ninh,,coal,,111.0,,,,,,,
system_only,,Nam Định II,,nam đinh,,coal,,2000.0,,,,,,,
system_only,,Nhơn Trạch 3&4,,đong nai,,imported gas,,1500.0,,,,,,,
system_only,,NMĐ sinh khối KCP #1,,vietnam,,unknown,,30.0,,,,,,,
system_only,,NMĐ sinh khối KCP #2,,vietnam,,unknown,,30.0,,,,,,,
system_only,,"Năng lượng tái tạo (thủy điện nhỏ, điện gió, mặt trời, sinh khối v.v..)",,vietnam,,unknown,,260.0,,,,,,,
system_only,,NĐ An Khánh #1-2,,bac giang,,coal,,150.0,,,,,,,
system_only,,NĐ An Khánh I #1,,bac giang,,coal,,50.0,,,,,,,
system_only,,NĐ An Khánh I #2,,bac giang,,coal,,50.0,,,,,,,
system_only,,NĐ An Khánh II #1,,bac giang,,coal,,150.0,,,,,,,
system_only,,NĐ An Khánh II #2,,bac giang,,coal,,150.0,,,,,,,
system_only,,NĐ Bạc Liêu,,vietnam,,gas,,3200.0,,,,,,,
system_only,,NĐ Công Thanh,,vietnam,,coal,,600.0,,,,,,,
system_only,,NĐ Công Thanh #1-2,,thanh hoa,,coal,,600.0,,,,,,,
system_only,,NĐ Công Thanh I,,thanh hoa,,coal,,600.0,,,,,,,
system_only,,NĐ Cẩm Phả 3,,quang ninh,,coal,,220.0,,,,,,,
system_only,,NĐ Cẩm Thanh #1-2,,quang ninh,,coal,,600.0,,,,,,,
system_only,,NĐ Duyên Hải I #1,,tra vinh,,coal,,600.0,,,,,,,
system_only,,NĐ Duyên Hải I #2,,tra vinh,,coal,,600.0,,,,,,,
system_only,,NĐ Duyên Hải III #1,,vietnam,,coal,,600.0,,,,,,,
system_only,,NĐ Duyên Hải III #2,,vietnam,,coal,,600.0,,,,,,,
system_only,,NĐ Formosa #2,,ha tinh,,coal,,150.0,,,,,,,
system_only,,NĐ Formosa Hà Tĩnh #2,,vietnam,,coal,,150.0,,,,,,,
system_only,,"NĐ Formosa Hà Tĩnh #3,4",,vietnam,,coal,,200.0,,,,,,,
system_only,,NĐ Formosa Hà Tĩnh #5,,vietnam,,coal,,150.0,,,,,,,
system_only,,NĐ Formosa Đồng Nai #3,,vietnam,,coal,,150.0,,,,,,,
system_only,,NĐ Hải Dương #1,,vietnam,,coal,,600.0,,,,,,,
system_only,,NĐ Hải Dương #2,,vietnam,,coal,,600.0,,,,,,,
system_only,,NĐ Hải Hà 1 #1-2,,quang ninh,,coal,,300.0,,,,,,,
system_only,,NĐ Hải Hà 1 #3-4,,quang ninh,,coal,,300.0,,,,,,,
system_only,,NĐ Hải Hà 2 #1-2,,quang ninh,,coal,,300.0,,,,,,,
system_only,,NĐ Hải Hà 2 #3-4,,quang ninh,,coal,,300.0,,,,,,,
system_only,,NĐ Hải Hà 3 #1-2,,quang ninh,,coal,,300.0,,,,,,,
system_only,,NĐ Hải Hà 4 #1-2,,quang ninh,,coal,,300.0,,,,,,,
system_only,,NĐ Hải Hà 4 #3-4,,quang ninh,,coal,,300.0,,,,,,,
system_only,,NĐ Hải Hà 5 #1-2,,quang ninh,,coal,,300.0,,,,,,,
system_only,,NĐ Hải Hà 5 #3-4,,quang ninh,,coal,,300.0,,,,,,,
system_only,,NĐ Hải Hà 6 #1-2,,quang ninh,,coal,,300.0,,,,,,,
system_only,,NĐ Hải Hà 6 #3-4,,quang ninh,,coal,,300.0,,,,,,,
system_only,,NĐ Hải Hà 7 #1-2,,quang ninh,,coal,,300.0,,,,,,,
system_only,,NĐ Hải Hà 7 #3-4,,quang ninh,,coal,,300.0,,,,,,,
system_only,,NĐ Hải Hà 8 #1-2,,quang ninh,,coal,,300.0,,,,,,,
system_only,,NĐ Hải Hà 8 #3-4,,quang ninh,,coal,,300.0,,,,,,,
system_only,,"NĐ Hải Hà I,II",,vietnam,,coal,,300.0,,,,,,,
system_only,,NĐ Hải Hà III & IV,,vietnam,,coal,,1200.0,,,,,,,
system_only,,NĐ Long An III,,vietnam,,coal,,1500.0,,,,,,,
system_only,,NĐ Long Phú I #1,,vietnam,,coal,,600.0,,,,,,,
system_only,,NĐ Long Phú II #1,,soc trang,,coal,,600.0,,,,,,,
system_only,,"NĐ Long Phú II #1,2",,vietnam,,coal,,1320.0,,,,,,,
system_only,,NĐ Long Phú II #1-2,,soc trang,,coal,,1200.0,,,,,,,
system_only,,NĐ Long Phú II #2,,vietnam,,coal,,600.0,,,,,,,
system_only,,NĐ Long Phú II #3-4,,soc trang,,coal,,1200.0,,,,,,,
system_only,,"NĐ Long Phú III #1,2,3",,vietnam,,coal,,1800.0,,,,,,,
system_only,,NĐ Long Phú III #1-2,,soc trang,,coal,,1800.0,,,,,,,
system_only,,NĐ Long Phú III #3,,soc trang,,coal,,1800.0,,,,,,,
system_only,,NĐ Long Phú III #4,,soc trang,,coal,,1800.0,,,,,,,
system_only,,NĐ Lục Nam #1,,bac giang,,coal,,50.0,,,,,,,
system_only,,NĐ Lục Nam #2,,bac giang,,coal,,50.0,,,,,,,
system_only,,NĐ Mông Dương I #1,,quang ninh,,coal,,500.0,,,,,,,
system_only,,NĐ Mông Dương I #2,,quang ninh,,coal,,500.0,,,,,,,
system_only,,NĐ Mông Dương III #3,,quang ninh,,coal,,100.0,,,,,,,
system_only,,NĐ Mạo Khê #3,,quang ninh,,coal,,300.0,,,,,,,
system_only,,NĐ Mạo Khê #4,,quang ninh,,coal,,300.0,,,,,,,
system_only,,NĐ Mạo Khê #5,,quang ninh,,coal,,300.0,,,,,,,
system_only,,NĐ Na Dương 2,,quang ninh,,coal,,110.0,,,,,,,
system_only,,NĐ Na Dương I #1-2,,quang ninh,,coal,,100.0,,,,,,,
system_only,,NĐ Nam Định 1 #1,,nam đinh,,coal,,600.0,,,,,,,
system_only,,NĐ Nam Định 1 #2,,nam đinh,,coal,,600.0,,,,,,,
system_only,,NĐ Nam Định I #1,,nam đinh,,coal,,600.0,,,,,,,
system_only,,NĐ Nam Định I #2,,nam đinh,,coal,,600.0,,,,,,,
system_only,,NĐ Nam Định II,,vietnam,,coal,,2000.0,,,,,,,
system_only,,NĐ Nghi Sơn I #1,,thanh hoa,,coal,,300.0,,,,,,,
system_only,,NĐ Nghi Sơn I #2,,thanh hoa,,coal,,300.0,,,,,,,
system_only,,NĐ Nghi Sơn II #1,,vietnam,,coal,,600.0,,,,,,,
system_only,,NĐ Nghi Sơn II #1-2,,thanh hoa,,coal,,1200.0,,,,,,,
system_only,,NĐ Nghi Sơn III,,vietnam,,coal,,600.0,,,,,,,
system_only,,NĐ Nông Sơn,,quang binh,,coal,,30.0,,,,,,,
system_only,,NĐ Quang Trạch I #1,,vietnam,,coal,,600.0,,,,,,,
system_only,,NĐ Quảng Ninh II #1,,quang ninh,,coal,,300.0,,,,,,,
system_only,,NĐ Quảng Ninh II #2,,quang ninh,,coal,,300.0,,,,,,,
system_only,,NĐ Quảng Trạch I #1,,vietnam,,coal,,600.0,,,,,,,
system_only,,NĐ sinh khối Lee&Man,,vietnam,,unknown,,125.0,,,,,,,
system_only,,NĐ Sông Hậu I #1,,hau giang,,coal,,600.0,,,,,,,
system_only,,"NĐ Sông Hậu I #1,2",,vietnam,,coal,,1200.0,,,,,,,
system_only,,NĐ sông Hậu II,,vietnam,,coal,,1000.0,,,,,,,
system_only,,NĐ Sông Hậu II #1,,hau giang,,coal,,1000.0,,,,,,,
system_only,,NĐ Sông Hậu II #2,,hau giang,,coal,,1000.0,,,,,,,
system_only,,NĐ sông Hậu III,,vietnam,,coal,,2000.0,,,,,,,
system_only,,NĐ Than An Giang,,vietnam,,coal,,2000.0,,,,,,,
system_only,,NĐ Than Bình Định I #1-2,,binh đinh,,coal,,1200.0,,,,,,,
system_only,,NĐ than Bảo Đại,,vietnam,,coal,,600.0,,,,,,,
system_only,,NĐ than Bảo Đại mở rộng,,vietnam,,coal,,150.0,,,,,,,
system_only,,NĐ than Hải Phòng 3,,vietnam,,coal,,1200.0,,,,,,,
system_only,,"NĐ than Hải Phòng III #1,2",,vietnam,,coal,,1200.0,,,,,,,
system_only,,"NĐ than Hải Phòng III #3,4",,vietnam,,coal,,2000.0,,,,,,,
system_only,,NĐ than Kim Sơn,,vietnam,,coal,,3000.0,,,,,,,
system_only,,"NĐ than miền Trung 1,2",,vietnam,,gas,,1500.0,,,,,,,
system_only,,NĐ than Nam Định II,,vietnam,,coal,,2000.0,,,,,,,
system_only,,NĐ than Phú Thọ,,vietnam,,coal,,600.0,,,,,,,
system_only,,NĐ than Quảng Ninh 3 (Quảng Yên),,vietnam,,coal,,4500.0,,,,,,,
system_only,,NĐ than Quảng Ninh 4 (Hải Hà),,vietnam,,coal,,3000.0,,,,,,,
system_only,,"NĐ than Quảng Trạch II #1,2",,vietnam,,coal,,1200.0,,,,,,,
system_only,,"NĐ than Quảng Trạch II #3,4",,vietnam,,coal,,1200.0,,,,,,,
system_only,,NĐ than Quảng Trị II,,vietnam,,coal,,2000.0,,,,,,,
system_only,,NĐ than Quỳnh Lập 1,,vietnam,,coal,,1200.0,,,,,,,
system_only,,"NĐ than Quỳnh Lập II #1,2",,vietnam,,coal,,1200.0,,,,,,,
system_only,,NĐ than Rạng Đông,,vietnam,,coal,,2400.0,,,,,,,
system_only,,NĐ Than Tuyên Quang I,,tuyen quang,,coal,,320.0,,,,,,,
system_only,,NĐ Than Tuyên Quang II,,tuyen quang,,coal,,320.0,,,,,,,
system_only,,NĐ Than Tuyên Quang III,,tuyen quang,,coal,,320.0,,,,,,,
system_only,,NĐ Than Tuyên Quang IV,,tuyen quang,,coal,,320.0,,,,,,,
system_only,,NĐ Than Tuyên Quang V,,tuyen quang,,coal,,320.0,,,,,,,
system_only,,NĐ Than Tuyên Quang VI,,tuyen quang,,coal,,320.0,,,,,,,
system_only,,NĐ than Vè Đan,,vietnam,,coal,,60.0,,,,,,,
system_only,,NĐ than Vè Đan mở rộng,,vietnam,,coal,,150.0,,,,,,,
system_only,,NĐ than Vĩnh Tân III,,vietnam,,coal,,1980.0,,,,,,,
system_only,,"NĐ than Vũng Áng III #3,4",,vietnam,,coal,,1200.0,,,,,,,
system_only,,NĐ than Đông Hà,,vietnam,,coal,,150.0,,,,,,,
system_only,,NĐ Thái Bình I #1,,thai binh,,coal,,300.0,,,,,,,
system_only,,NĐ Thái Bình I #2,,thai binh,,coal,,300.0,,,,,,,
system_only,,NĐ Thái Bình II #1,,vietnam,,coal,,600.0,,,,,,,
system_only,,NĐ Thái Bình II #2,,vietnam,,coal,,600.0,,,,,,,
system_only,,NĐ Thăng Long #1,,vietnam,,coal,,300.0,,,,,,,
system_only,,NĐ Thăng Long #2,,vietnam,,coal,,300.0,,,,,,,
system_only,,NĐ Tân Phước I,,tien giang,,coal,,1200.0,,,,,,,
system_only,,NĐ Uông Bí MR #2,,quang ninh,,coal,,300.0,,,,,,,
system_only,,NĐ Vân Phong I #1,,khanh hoa,,coal,,660.0,,,,,,,
system_only,,NĐ Vĩnh Tân 4 Mở rộng,,binh thuan,,coal,,600.0,,,,,,,
system_only,,"NĐ Vĩnh Tân I #1,2",,vietnam,,coal,,1200.0,,,,,,,
system_only,,NĐ Vĩnh Tân I #1-2,,binh thuan,,coal,,1200.0,,,,,,,
system_only,,NĐ Vĩnh Tân II #1-2,,binh thuan,,coal,,1200.0,,,,,,,
system_only,,NĐ Vĩnh Tân III #1,,binh thuan,,coal,,660.0,,,,,,,
system_only,,"NĐ Vĩnh Tân III #1,2,3",,vietnam,,coal,,1980.0,,,,,,,
system_only,,NĐ Vĩnh Tân IV #1-2,,binh thuan,,coal,,1200.0,,,,,,,
system_only,,NĐ Vĩnh Tân IV mở rộng,,binh thuan,,coal,,600.0,,,,,,,
system_only,,NĐ Vĩnh Tân V #1-2,,binh thuan,,coal,,1200.0,,,,,,,
system_only,,NĐ Vĩnh Tân VI #1,,binh thuan,,coal,,600.0,,,,,,,
system_only,,NĐ Vũng Áng I #1,,ha tinh,,coal,,600.0,,,,,,,
system_only,,NĐ Vũng Áng I #2,,ha tinh,,coal,,600.0,,,,,,,
system_only,,NĐ Vũng Áng II #1,,vietnam,,coal,,600.0,,,,,,,
system_only,,NĐ đồng phát Hải Hà 1,,vietnam,,coal,,150.0,,,,,,,
system_only,,"NĐ đồng phát Hải Hà 2,3,4",,vietnam,,coal,,900.0,,,,,,,
system_only,,NĐ đồng phát Hải Hà 5-6,,vietnam,,coal,,1200.0,,,,,,,
system_only,,Nậm Củm 4,,son la,,unknown,,54.0,,,,,,,
system_only,,Nậm Mô,,đien bien,,unknown,,90.0,,,,,,,
system_only,,Phong Điền,,hue,,coal,,2000.0,,,,,,,
system_only,,Phú Thọ,,phu tho,,coal,,600.0,,,,,,,
system_only,,Pắc Ma,,đien bien,,unknown,,140.0,,,,,,,
system_only,,Quảng Ninh 4,,quang ninh,,imported gas,,3000.0,,,,,,,
system_only,,Quảng Ninh III #2,,quang ninh,,coal,,1200.0,,,,,,,
system_only,,Quảng Ninh III #3,,quang ninh,,coal,,2000.0,,,,,,,
system_only,,Quảng Ninh III #4,,quang ninh,,coal,,2000.0,,,,,,,
system_only,,Rạng Đông,,nam đinh,,coal,,2400.0,,,,,,,
system_only,,Sông Bung 2,,quang nam,,unknown,,100.0,,,,,,,
system_only,,Sông Hậu III,,hau giang,,coal,,2000.0,,,,,,,
system_only,,Sơn Mỹ I,,ninh thuan,,imported gas,,2250.0,,,,,,,
system_only,,Sơn Mỹ I CCGT,,ninh thuan,,imported gas,,2250.0,,,,,,,
system_only,,Sơn Mỹ II CCGT,,ninh thuan,,imported gas,,2250.0,,,,,,,
system_only,,Sơn Đồng,,hai phong,,coal,,220.0,,,,,,,
system_only,,TB Bảo Lâm,,lai chau,,unknown,,120.0,,,,,,,
system_only,,TBKHH Bình Định,,binh đinh,,imported gas,,5000.0,,,,,,,
system_only,,TBKHH Bình Định III,,binh đinh,,coal,,2000.0,,,,,,,
system_only,,TBKHH Chân Mây - Huế,,vietnam,,gas,,4000.0,,,,,,,
system_only,,"TBKHH Cà Mau 1,2,3",,vietnam,,gas,,4500.0,,,,,,,
system_only,,TBKHH Cà Ná II+III,,ninh thuan,,imported gas,,4500.0,,,,,,,
system_only,,TBKHH Dung Quất I #1,,vietnam,,coal,,750.0,,,,,,,
system_only,,TBKHH Dung Quất I (khí CVX),,quang ngai,,unknown,,750.0,,,,,,,
system_only,,TBKHH Dung Quất II (khí CVX),,quang ngai,,unknown,,750.0,,,,,,,
system_only,,TBKHH Dung Quất III (khí CVX),,quang ngai,,unknown,,750.0,,,,,,,
system_only,,TBKHH Hải Lăng 10,,vietnam,,gas,,3000.0,,,,,,,
system_only,,TBKHH Hải Lăng 11,,vietnam,,gas,,3000.0,,,,,,,
system_only,,TBKHH Hải Lăng 13,,vietnam,,gas,,3000.0,,,,,,,
system_only,,TBKHH Hải Lăng 14,,vietnam,,gas,,3000.0,,,,,,,
system_only,,TBKHH Hải Lăng 15,,vietnam,,gas,,3000.0,,,,,,,
system_only,,TBKHH Hải Lăng 16,,vietnam,,gas,,4500.0,,,,,,,
system_only,,TBKHH Hải Lăng 17,,vietnam,,gas,,3000.0,,,,,,,
system_only,,TBKHH Hải Lăng 18,,vietnam,,gas,,3000.0,,,,,,,
system_only,,TBKHH Hải Lăng 19,,vietnam,,gas,,3000.0,,,,,,,
system_only,,TBKHH Hải Lăng 2 - Quảng Trị,,vietnam,,gas,,3000.0,,,,,,,
system_only,,TBKHH Hải Lăng 20,,vietnam,,gas,,4500.0,,,,,,,
system_only,,TBKHH Hải Lăng 21,,vietnam,,gas,,3000.0,,,,,,,
system_only,,TBKHH Hải Lăng 22,,vietnam,,gas,,3000.0,,,,,,,
system_only,,TBKHH Hải Lăng 23,,vietnam,,gas,,3000.0,,,,,,,
system_only,,TBKHH Hải Lăng 24,,vietnam,,gas,,4500.0,,,,,,,
system_only,,TBKHH Hải Lăng 25,,vietnam,,gas,,3000.0,,,,,,,
system_only,,TBKHH Hải Lăng 26,,vietnam,,gas,,3000.0,,,,,,,
system_only,,TBKHH Hải Lăng 27,,vietnam,,gas,,3000.0,,,,,,,
system_only,,TBKHH Hải Lăng 28,,vietnam,,gas,,4500.0,,,,,,,
system_only,,TBKHH Hải Lăng 29,,vietnam,,gas,,3000.0,,,,,,,
system_only,,TBKHH Hải Lăng 3 - Quảng Trị,,vietnam,,gas,,3000.0,,,,,,,
system_only,,TBKHH Hải Lăng 30,,vietnam,,gas,,3000.0,,,,,,,
system_only,,TBKHH Hải Lăng 31,,vietnam,,gas,,3000.0,,,,,,,
system_only,,TBKHH Hải Lăng 32,,vietnam,,gas,,4500.0,,,,,,,
system_only,,TBKHH Hải Lăng 4 - Quảng Trị,,vietnam,,gas,,4500.0,,,,,,,
system_only,,TBKHH Hải Lăng 5,,vietnam,,gas,,3000.0,,,,,,,
system_only,,TBKHH Hải Lăng 6,,vietnam,,gas,,3000.0,,,,,,,
system_only,,TBKHH Hải Lăng 7,,vietnam,,gas,,3000.0,,,,,,,
system_only,,TBKHH Hải Lăng 8,,vietnam,,gas,,4500.0,,,,,,,
system_only,,TBKHH Hải Lăng 9,,vietnam,,gas,,3000.0,,,,,,,
system_only,,TBKHH Hải Phòng 1 (Tiên Lãng),,hai phong,,imported gas,,4500.0,,,,,,,
system_only,,TBKHH Hải Phòng 10 (Tiên Lãng),,vietnam,,gas,,4500.0,,,,,,,
system_only,,TBKHH Hải Phòng 11 (Cát Hải),,vietnam,,gas,,4500.0,,,,,,,
system_only,,TBKHH Hải Phòng 12 (Cát Hải),,vietnam,,gas,,4500.0,,,,,,,
system_only,,TBKHH Hải Phòng 13 (Đông Sơn),,vietnam,,gas,,4500.0,,,,,,,
system_only,,TBKHH Hải Phòng 14 (Tiên Lãng),,vietnam,,gas,,4500.0,,,,,,,
system_only,,TBKHH Hải Phòng 15 (Cát Hải),,vietnam,,gas,,4500.0,,,,,,,
system_only,,TBKHH Hải Phòng 16 (Cát Hải),,vietnam,,gas,,4500.0,,,,,,,
system_only,,TBKHH Hải Phòng 17 (Đông Sơn),,vietnam,,gas,,4500.0,,,,,,,
system_only,,TBKHH Hải Phòng 18 (Tiên Lãng),,vietnam,,gas,,4500.0,,,,,,,
system_only,,"TBKHH Hải Phòng 2,3 (Cát Hải)",,vietnam,,gas,,9000.0,,,,,,,
system_only,,TBKHH Hải Phòng 25 (Cát Hải),,vietnam,,gas,,4500.0,,,,,,,
system_only,,TBKHH Hải Phòng 26 (Cát Hải),,vietnam,,gas,,4500.0,,,,,,,
system_only,,TBKHH Hải Phòng 27 (Đông Sơn),,vietnam,,gas,,4500.0,,,,,,,
system_only,,TBKHH Hải Phòng 28 (Tiên Lãng),,vietnam,,gas,,4500.0,,,,,,,
system_only,,TBKHH Hải Phòng 33 (Cát Hải),,vietnam,,gas,,4500.0,,,,,,,
system_only,,TBKHH Hải Phòng 34 (Cát Hải),,vietnam,,gas,,4500.0,,,,,,,
system_only,,TBKHH Hải Phòng 35 (Đông Sơn),,vietnam,,gas,,4500.0,,,,,,,
system_only,,TBKHH Hải Phòng 36 (Tiên Lãng),,vietnam,,gas,,4500.0,,,,,,,
system_only,,TBKHH Hải Phòng 37 (Tiên Lãng),,vietnam,,gas,,4500.0,,,,,,,
system_only,,TBKHH Hải Phòng 4 (Đông Sơn),,hai phong,,imported gas,,4500.0,,,,,,,
system_only,,TBKHH Hải Phòng 41 (Cát Hải),,vietnam,,gas,,4500.0,,,,,,,
system_only,,TBKHH Hải Phòng 42 (Cát Hải),,vietnam,,gas,,4500.0,,,,,,,
system_only,,TBKHH Hải Phòng 43 (Cát Hải),,vietnam,,gas,,4500.0,,,,,,,
system_only,,TBKHH Hải Phòng 44 (Cát Hải),,vietnam,,gas,,4500.0,,,,,,,
system_only,,TBKHH Hải Phòng 47 (Đông Sơn),,vietnam,,gas,,4500.0,,,,,,,
system_only,,TBKHH Hải Phòng 5 (Đông Sơn),,vietnam,,gas,,4500.0,,,,,,,
system_only,,TBKHH Hải Phòng 51 (Đông Sơn),,vietnam,,gas,,4500.0,,,,,,,
system_only,,TBKHH Hải Phòng 6 (Tiên Lãng),,vietnam,,gas,,4500.0,,,,,,,
system_only,,TBKHH Hải Phòng 7 (Cát Hải),,vietnam,,gas,,4500.0,,,,,,,
system_only,,TBKHH Hải Phòng 8 (Cát Hải),,vietnam,,gas,,4500.0,,,,,,,
system_only,,TBKHH Hải Phòng 9 (Đông Sơn),,vietnam,,gas,,4500.0,,,,,,,
system_only,,TBKHH Kiên Giang 1&2,,kien giang,,imported gas,,1500.0,,,,,,,
system_only,,TBKHH Long Sơn I,,long an,,imported gas,,1200.0,,,,,,,
system_only,,"TBKHH Long Sơn II,III",,vietnam,,gas,,3200.0,,,,,,,
system_only,,TBKHH Long Sơn IV (xa đi đệm Tây),,long an,,imported gas,,3600.0,,,,,,,
system_only,,"TBKHH miền Trung 1,2",,vietnam,,gas,,1500.0,,,,,,,
system_only,,TBKHH miền Trung I (khí CVX),,vietnam,,gas,,750.0,,,,,,,
system_only,,TBKHH miền Trung II (khí CVX),,vietnam,,gas,,750.0,,,,,,,
system_only,,TBKHH Phú Yên,,vietnam,,gas,,4000.0,,,,,,,
system_only,,TBKHH Quang Ninh 1 (Cẩm Phả),,quang ninh,,imported gas,,1500.0,,,,,,,
system_only,,TBKHH Quang Ninh 10 (Hải Hà),,vietnam,,gas,,3000.0,,,,,,,
system_only,,TBKHH Quang Ninh 13 (Quảng Yên),,vietnam,,gas,,4500.0,,,,,,,
system_only,,TBKHH Quang Ninh 14 (Quảng Yên),,vietnam,,gas,,4500.0,,,,,,,
system_only,,TBKHH Quang Ninh 15 (Hải Hà),,vietnam,,gas,,3000.0,,,,,,,
system_only,,TBKHH Quang Ninh 16 (Hải Hà),,vietnam,,gas,,3000.0,,,,,,,
system_only,,TBKHH Quang Ninh 19 (Quảng Yên),,vietnam,,gas,,4500.0,,,,,,,
system_only,,TBKHH Quang Ninh 20 (Quảng Yên),,vietnam,,gas,,4500.0,,,,,,,
system_only,,TBKHH Quang Ninh 21 (Hải Hà),,vietnam,,gas,,3000.0,,,,,,,
system_only,,TBKHH Quang Ninh 22 (Hải Hà),,vietnam,,gas,,3000.0,,,,,,,
system_only,,TBKHH Quang Ninh 27 (Quảng Yên),,vietnam,,gas,,4500.0,,,,,,,
system_only,,TBKHH Quang Ninh 28 (Quảng Yên),,vietnam,,gas,,4500.0,,,,,,,
system_only,,TBKHH Quang Ninh 29 (Hải Hà),,vietnam,,gas,,3000.0,,,,,,,
system_only,,TBKHH Quang Ninh 3 (Quảng Yên),,quang ninh,,imported gas,,4500.0,,,,,,,
system_only,,TBKHH Quang Ninh 30 (Hải Hà),,vietnam,,gas,,3000.0,,,,,,,
system_only,,TBKHH Quang Ninh 35 (Quảng Yên),,vietnam,,gas,,4500.0,,,,,,,
system_only,,TBKHH Quang Ninh 36 (Quảng Yên),,vietnam,,gas,,4500.0,,,,,,,
system_only,,TBKHH Quang Ninh 37 (Hải Hà),,vietnam,,gas,,3000.0,,,,,,,
system_only,,TBKHH Quang Ninh 38 (Hải Hà),,vietnam,,gas,,3000.0,,,,,,,
system_only,,TBKHH Quang Ninh 43 (Quảng Yên),,vietnam,,gas,,4500.0,,,,,,,
system_only,,TBKHH Quang Ninh 44 (Quảng Yên),,vietnam,,gas,,4500.0,,,,,,,
system_only,,TBKHH Quang Ninh 45 (Hải Hà),,vietnam,,gas,,3000.0,,,,,,,
system_only,,TBKHH Quang Ninh 46 (Hải Hà),,vietnam,,gas,,3000.0,,,,,,,
system_only,,TBKHH Quang Ninh 47 (Quảng Yên),,vietnam,,gas,,4500.0,,,,,,,
system_only,,TBKHH Quang Ninh 48 (Quảng Yên),,vietnam,,gas,,4500.0,,,,,,,
system_only,,TBKHH Quang Ninh 49 (Hải Hà),,vietnam,,gas,,3000.0,,,,,,,
system_only,,TBKHH Quang Ninh 50 (Hải Hà),,vietnam,,gas,,3000.0,,,,,,,
system_only,,TBKHH Quang Ninh 7 (Quảng Yên),,vietnam,,gas,,4500.0,,,,,,,
system_only,,TBKHH Quang Ninh 8 (Quảng Yên),,vietnam,,gas,,4500.0,,,,,,,
system_only,,TBKHH Quang Ninh 9 (Hải Hà),,vietnam,,gas,,3000.0,,,,,,,
system_only,,TBKHH Quang Trị (khí Báo Vàng),,quang tri,,unknown,,340.0,,,,,,,
system_only,,TBKHH Quảng Nam,,quang nam,,coal,,4000.0,,,,,,,
system_only,,TBKHH Quảng Ninh 11 (Cẩm Phả),,vietnam,,gas,,4500.0,,,,,,,
system_only,,TBKHH Quảng Ninh 12 (Cẩm Phả),,vietnam,,gas,,4500.0,,,,,,,
system_only,,TBKHH Quảng Ninh 17 (Cẩm Phả),,vietnam,,gas,,4500.0,,,,,,,
system_only,,TBKHH Quảng Ninh 18 (Cẩm Phả),,vietnam,,gas,,4500.0,,,,,,,
system_only,,TBKHH Quảng Ninh 23 (Cẩm Phả),,vietnam,,gas,,4500.0,,,,,,,
system_only,,TBKHH Quảng Ninh 24 (Cẩm Phả),,vietnam,,gas,,4500.0,,,,,,,
system_only,,TBKHH Quảng Ninh 31 (Cẩm Phả),,vietnam,,gas,,4500.0,,,,,,,
system_only,,TBKHH Quảng Ninh 32 (Cẩm Phả),,vietnam,,gas,,4500.0,,,,,,,
system_only,,TBKHH Quảng Ninh 39 (Cẩm Phả),,vietnam,,gas,,4500.0,,,,,,,
system_only,,TBKHH Quảng Ninh 40 (Cẩm Phả),,vietnam,,gas,,4500.0,,,,,,,
system_only,,TBKHH Quảng Ninh 41 (Cẩm Phả),,vietnam,,gas,,4500.0,,,,,,,
system_only,,TBKHH Quảng Ninh 42 (Cẩm Phả),,vietnam,,gas,,4500.0,,,,,,,
system_only,,TBKHH Quảng Ninh 5 (Cẩm Phả),,vietnam,,gas,,4500.0,,,,,,,
system_only,,TBKHH Quảng Ninh 6 (Cẩm Phả),,vietnam,,gas,,4500.0,,,,,,,
system_only,,TBKHH Sông Đốc (Cà Mau),,ca mau,,imported gas,,3000.0,,,,,,,
system_only,,TBKHH Sơn Mỹ,,vietnam,,gas,,2250.0,,,,,,,
system_only,,TBKHH Sơn Mỹ I CCGT,,ninh thuan,,imported gas,,2250.0,,,,,,,
system_only,,TBKHH Sơn Mỹ II,,ninh thuan,,imported gas,,2250.0,,,,,,,
system_only,,TBKHH Sơn Mỹ II CCGT,,ninh thuan,,imported gas,,2250.0,,,,,,,
system_only,,TBKHH Ô Môn II,,vietnam,,coal,,750.0,,,,,,,
system_only,,TBKHH Ô Môn III,,vietnam,,coal,,750.0,,,,,,,
system_only,,TBKHH Ô Môn IV,,vietnam,,coal,,750.0,,,,,,,
system_only,,TBKHH Ô Môn V,,vietnam,,gas,,750.0,,,,,,,
system_only,,Thác Mơ MR,,đong nai,,unknown,,75.0,,,,,,,
system_only,,Thái Bình,,vietnam,,gas,,4500.0,,,,,,,
system_only,,Thái Bình III,,thai binh,,coal,,4000.0,,,,,,,
system_only,,Thượng Kon Tum,,đak lak,,unknown,,220.0,,,,,,,
system_only,,Trung Son,,quang binh,,unknown,,260.0,,,,,,,
system_only,,Trị An MR,,lam đong,,unknown,,200.0,,,,,,,
system_only,,Tân Phúc,,long an,,imported gas,,4500.0,,,,,,,
system_only,,Tân Phước III,,tien giang,,coal,,1200.0,,,,,,,
system_only,,Tân Thuận,,ca mau,,imported gas,,3200.0,,,,,,,
system_only,,TĐ A Lin,,vietnam,,unknown,,62.0,,,,,,,
system_only,,TĐ An Khê,,gia lai,,unknown,,173.0,,,,,,,
system_only,,TĐ Bá Thước 1,,vietnam,,unknown,,60.0,,,,,,,
system_only,,TĐ Bá Thước II #1-2,,thai nguyen,,unknown,,80.0,,,,,,,
system_only,,TĐ Bản Chát #1-2,,lai chau,,unknown,,220.0,,,,,,,
system_only,,TĐ Bắc Mê,,vietnam,,unknown,,45.0,,,,,,,
system_only,,TĐ Chi Khê,,vietnam,,unknown,,41.0,,,,,,,
system_only,,TĐ Da Nang,,đa nang,,unknown,,50.0,,,,,,,
system_only,,TĐ Dak My 2,,gia lai,,unknown,,98.0,,,,,,,
system_only,,TĐ Dak My 4,,gia lai,,unknown,,190.0,,,,,,,
system_only,,TĐ Huội Quảng #1-2,,lai chau,,unknown,,520.0,,,,,,,
system_only,,TĐ Huội Quảng #2,,vietnam,,unknown,,260.0,,,,,,,
system_only,,TĐ Hòa Bình mở rộng #1,,vietnam,,unknown,,240.0,,,,,,,
system_only,,TĐ Hạ Se San 2 (Campuchia),,campuchia,,unknown,,200.0,,,,,,,
system_only,,TĐ Hồi Xuân,,vietnam,,unknown,,102.0,,,,,,,
system_only,,TĐ Hủa Na #1-2,,lao,,unknown,,180.0,,,,,,,
system_only,,TĐ IaLy mở rộng,,vietnam,,unknown,,360.0,,,,,,,
system_only,,TĐ Khe Bố #1-2,,phu tho,,unknown,,100.0,,,,,,,
system_only,,TĐ La Ngâu,,vietnam,,unknown,,36.0,,,,,,,
system_only,,TĐ Lai Châu #1,,lai chau,,unknown,,400.0,,,,,,,
system_only,,"TĐ Lai Châu #2,3",,vietnam,,unknown,,800.0,,,,,,,
system_only,,TĐ Lai Châu #2-3,,lai chau,,unknown,,800.0,,,,,,,
system_only,,TĐ Lông Tạo,,vietnam,,unknown,,42.0,,,,,,,
system_only,,TĐ Mý Lý,,vietnam,,unknown,,250.0,,,,,,,
system_only,,TĐ Na Le #1-2,,sapa,,unknown,,90.0,,,,,,,
system_only,,TĐ Nam Bình,,quang ninh,,coal,,600.0,,,,,,,
system_only,,TĐ Ngòi Phát,,lai chau,,unknown,,72.0,,,,,,,
system_only,,TĐ Nho Quế 1,,vietnam,,unknown,,32.0,,,,,,,
system_only,,TĐ Nho Quế 2,,vietnam,,unknown,,48.0,,,,,,,
system_only,,TĐ Nho Quế 3 #1-2,,phu tho,,unknown,,110.0,,,,,,,
system_only,,TĐ Nhạn Hạc,,vietnam,,unknown,,59.0,,,,,,,
system_only,,TĐ Nậm Chiến #2,,lai chau,,unknown,,100.0,,,,,,,
system_only,,TĐ Nậm Củm 4,,son la,,unknown,,54.0,,,,,,,
system_only,,TĐ Nậm Mô (Lào),,lao,,unknown,,95.0,,,,,,,
system_only,,TĐ Nậm Mô (Việt Nam),,lao,,unknown,,95.0,,,,,,,
system_only,,TĐ Nậm Na 2,,lai chau,,unknown,,66.0,,,,,,,
system_only,,TĐ Nậm Na 3,,vietnam,,unknown,,84.0,,,,,,,
system_only,,TĐ Nậm Pân 5,,vietnam,,unknown,,35.0,,,,,,,
system_only,,TĐ Nậm Sum 1 (Lào),,lao,,unknown,,90.0,,,,,,,
system_only,,TĐ Nậm Tống,,vietnam,,unknown,,34.0,,,,,,,
system_only,,TĐ Pác Ma,,vietnam,,unknown,,140.0,,,,,,,
system_only,,"TĐ Pác Ma 1,2",,vietnam,,unknown,,140.0,,,,,,,
system_only,,TĐ Pắc Ma,,vietnam,,unknown,,140.0,,,,,,,
system_only,,TĐ Se Ka man 1 (Lào),,lao,,unknown,,290.0,,,,,,,
system_only,,TĐ Se Kaman 3 (Lào),,lao,,unknown,,250.0,,,,,,,
system_only,,TĐ Srê Pok 4A,,đak lak,,unknown,,64.0,,,,,,,
system_only,,TĐ Sê Kaman 4 (Lào),,lao,,unknown,,64.0,,,,,,,
system_only,,TĐ Sê Kông (Campuchia),,campuchia,,unknown,,192.0,,,,,,,
system_only,,TĐ Sê Kông (Lào),,campuchia,,unknown,,192.0,,,,,,,
system_only,,TĐ Sê Kông 3A-3B,,lao,,unknown,,205.0,,,,,,,
system_only,,TĐ Sê San 4A,,đak lak,,unknown,,63.0,,,,,,,
system_only,,TĐ Sêkaman 1 (Lào),,vietnam,,unknown,,290.0,,,,,,,
system_only,,TĐ Sêkaman 10 (Lào),,vietnam,,unknown,,380.0,,,,,,,
system_only,,TĐ Sêkaman 4 (Lào),,vietnam,,unknown,,80.0,,,,,,,
system_only,,TĐ Sêkaman 5 (Lào),,vietnam,,unknown,,180.0,,,,,,,
system_only,,TĐ Sêkaman 6 (Lào),,vietnam,,unknown,,240.0,,,,,,,
system_only,,TĐ Sêkaman 7 (Lào),,vietnam,,unknown,,280.0,,,,,,,
system_only,,TĐ Sêkaman 8 (Lào),,vietnam,,unknown,,320.0,,,,,,,
system_only,,TĐ Sêkaman 9 (Lào),,vietnam,,unknown,,340.0,,,,,,,
system_only,,TĐ Sêkaman Xanxay (Lào),,vietnam,,unknown,,32.0,,,,,,,
system_only,,TĐ Sông Ba Chư,,đak lak,,unknown,,70.0,,,,,,,
system_only,,TĐ Sông Bung 2,,vietnam,,unknown,,100.0,,,,,,,
system_only,,TĐ Sông Bung 4,,quang ninh,,unknown,,156.0,,,,,,,
system_only,,TĐ Sông Bung 5,,quang ninh,,unknown,,100.0,,,,,,,
system_only,,TĐ Sông Hinh,,phu yen,,unknown,,100.0,,,,,,,
system_only,,TĐ Sông Lô 6,,vietnam,,unknown,,44.0,,,,,,,
system_only,,TĐ Sông Miện 4,,vietnam,,unknown,,38.0,,,,,,,
system_only,,TĐ Sông Tranh 3,,vietnam,,unknown,,62.0,,,,,,,
system_only,,TĐ Sông Tranh 4,,vietnam,,unknown,,48.0,,,,,,,
system_only,,TĐ Sơn La #2,,son la,,unknown,,800.0,,,,,,,
system_only,,TĐ Sơn La #3,,son la,,unknown,,800.0,,,,,,,
system_only,,TĐ Sơn La #4,,son la,,unknown,,800.0,,,,,,,
system_only,,TĐ Sơn La #5-6,,son la,,unknown,,800.0,,,,,,,
system_only,,TĐ Thác Mo MR,,quang binh,,unknown,,75.0,,,,,,,
system_only,,TĐ Thác Mơ mở rộng,,vietnam,,unknown,,75.0,,,,,,,
system_only,,TĐ Thượng Bình,,vietnam,,unknown,,36.0,,,,,,,
system_only,,"TĐ Thượng Kon Tum #1,2",,vietnam,,unknown,,220.0,,,,,,,
system_only,,TĐ Thượng Kon Tum #2,,kon tum,,unknown,,220.0,,,,,,,
system_only,,TĐ Thượng Kontum #1-2,,kon tum,,unknown,,220.0,,,,,,,
system_only,,"TĐ Trung Sơn #1,2",,vietnam,,unknown,,130.0,,,,,,,
system_only,,TĐ Trung Sơn #1-2,,phu tho,,unknown,,260.0,,,,,,,
system_only,,"TĐ Trung Sơn #3,4",,vietnam,,unknown,,130.0,,,,,,,
system_only,,TĐ Trà Khúc 1,,vietnam,,unknown,,36.0,,,,,,,
system_only,,TĐ Yaly MR,,lai chau,,unknown,,360.0,,,,,,,
system_only,,TĐ Yên Sơn,,vietnam,,unknown,,70.0,,,,,,,
system_only,,TĐ Đa Nhim 1,,vietnam,,unknown,,130.0,,,,,,,
system_only,,TĐ Đa Nhim 2,,vietnam,,unknown,,280.0,,,,,,,
system_only,,TĐ Đa Nhim MR,,lao,,unknown,,80.0,,,,,,,
system_only,,TĐ Đa Nhim mở rộng,,vietnam,,unknown,,100.0,,,,,,,
system_only,,TĐ Đam Bri,,phu yen,,unknown,,75.0,,,,,,,
system_only,,TĐ Đăk Mi 1,,vietnam,,unknown,,54.0,,,,,,,
system_only,,TĐ Đăk Mi 2,,vietnam,,unknown,,98.0,,,,,,,
system_only,,TĐ Đăk Mi 3,,vietnam,,unknown,,45.0,,,,,,,
system_only,,TĐ Đăk R'tih,,gia lai,,unknown,,144.0,,,,,,,
system_only,,TĐ Đăk Re I,,gia lai,,unknown,,200.0,,,,,,,
system_only,,TĐ Đồng Nai 2,,đong nai,,unknown,,70.0,,,,,,,
system_only,,TĐ Đồng Nai 3 #2,,đong nai,,unknown,,90.0,,,,,,,
system_only,,TĐ Đồng Nai 4 #2,,đong nai,,unknown,,170.0,,,,,,,
system_only,,TĐ Đồng Nai 5,,đong nai,,unknown,,145.0,,,,,,,
system_only,,TĐ Đồng Nai 6,,đong nai,,unknown,,135.0,,,,,,,
system_only,,TĐ Đồng Nai 6A,,đong nai,,unknown,,106.0,,,,,,,
system_only,,Vũng Áng III #2,,ha tinh,,coal,,1200.0,,,,,,,
system_only,,Vũng Áng III #3,,ha tinh,,coal,,1200.0,,,,,,,
system_only,,Vũng Áng III #4,,ha tinh,,coal,,1200.0,,,,,,,
system_only,,Ô Môn II,,vietnam,,coal,,750.0,,,,,,,
system_only,,Ô Môn III,,vietnam,,coal,,750.0,,,,,,,
system_only,,Ô Môn IV,,vietnam,,coal,,750.0,,,,,,,
system_only,,Ô Môn V,,vietnam,,gas,,750.0,,,,,,,
system_only,,Đa Nhim MR,,đak nong,,unknown,,80.0,,,,,,,
system_only,,Điện gió Bạc Liêu giai đoạn IV,,vietnam,,unknown,,97.0,,,,,,,
system_only,,Điện gió Hanbaram,,vietnam,,unknown,,117.0,,,,,,,
system_only,,Điện gió Khai Long (Cà Mau),,vietnam,,unknown,,100.0,,,,,,,
system_only,,Điện gió Sóc Trăng,,vietnam,,unknown,,99.0,,,,,,,
system_only,,Điện gió Trung - Nam,,vietnam,,unknown,,90.0,,,,,,,
system_only,,Điện mặt trời Thiên Tân 1,,vietnam,,unknown,,300.0,,,,,,,
system_only,,Điện mặt trời Thiên Tân 2,,vietnam,,unknown,,400.0,,,,,,,
system_only,,Điện mặt trời Thiên Tân 4,,vietnam,,unknown,,500.0,,,,,,,
system_only,,Điện sinh khối An Khê #1,,vietnam,,unknown,,55.0,,,,,,,
system_only,,Điện sinh khối An Khê #2,,vietnam,,unknown,,55.0,,,,,,,
system_only,,Đà Nẵng,,đa nang,,unknown,,60.0,,,,,,,
